{
    "ankle_height": 0.025,
    "COM_height": 0.68,
    "com_offset": 0.01,
    "t_step": 1.0,
    "t_double_support": 0.1,
    "dt": 0.005,
    "alpha": 0.44,
    "hand_swing_angle": 15.0,
    "footsteps": [
        [
            0.0,
            0.1,
            0.0,
            0.0
        ],
        [
            0.0,
            -0.1,
            0.0,
            0.0
        ],
        [
            0.19999974123842587,
            0.09000092211767881,
            0.0,
            -0.0799999012576626
        ],
        [
            0.3833765750756963,
            -0.1253443143912954,
            0.0,
            -0.15999980579272988
        ],
        [
            0.41524017805320174,
            0.07210114847197707,
            0.0,
            -0.15999980579272988
        ]
    ],
    "do_start_transition": false
}